CREATE OR REPLACE VIEW public.glassfish_auth_view AS SELECT username, password, access_level FROM account JOIN access_level_mapping ON account.id = access_level_mapping.account_id WHERE account.is_active = true AND account.is_enable = true AND access_level_mapping.is_active = true;

GRANT SELECT ON TABLE glassfish_auth_view TO ssbd03auth;

GRANT SELECT,INSERT,DELETE,UPDATE ON TABLE access_level_mapping TO ssbd03mok;
GRANT SELECT,INSERT,DELETE,UPDATE ON TABLE account TO ssbd03mok;
GRANT SELECT,INSERT,DELETE,UPDATE ON TABLE owner TO ssbd03mok;
GRANT SELECT,INSERT,DELETE,UPDATE ON TABLE admin TO ssbd03mok;
GRANT SELECT,INSERT,DELETE,UPDATE ON TABLE manager TO ssbd03mok;
GRANT SELECT,INSERT,DELETE,UPDATE ON TABLE personal_data TO ssbd03mok;
GRANT SELECT,INSERT,DELETE,UPDATE ON TABLE login_data TO ssbd03mok;
GRANT SELECT,INSERT,DELETE,UPDATE ON TABLE account_confirmation_token TO ssbd03mok;
GRANT SELECT,INSERT,DELETE,UPDATE ON TABLE email_confirmation_token TO ssbd03mok;
GRANT SELECT,INSERT,DELETE,UPDATE ON TABLE reset_password_token TO ssbd03mok;

GRANT SELECT ON TABLE access_level_mapping TO ssbd03mow;
GRANT SELECT ON TABLE account TO ssbd03mow;
GRANT SELECT ON TABLE owner TO ssbd03mow;
GRANT SELECT ON TABLE admin TO ssbd03mow;
GRANT SELECT ON TABLE manager TO ssbd03mow;
GRANT SELECT ON TABLE personal_data TO ssbd03mow;
GRANT SELECT ON TABLE login_data TO ssbd03mow;
GRANT SELECT,INSERT,UPDATE ON TABLE building TO ssbd03mow;
GRANT SELECT,INSERT ON TABLE address TO ssbd03mow;
GRANT SELECT,INSERT,UPDATE ON TABLE annual_balance TO ssbd03mow;
GRANT SELECT,INSERT,UPDATE ON TABLE heat_distribution_centre TO ssbd03mow;
GRANT SELECT,INSERT ON TABLE heat_distribution_centre_pay_off TO ssbd03mow;
GRANT SELECT,INSERT,UPDATE ON TABLE hot_water_entry TO ssbd03mow;
GRANT SELECT,INSERT ON TABLE month_pay_off TO ssbd03mow;
GRANT SELECT,INSERT,UPDATE ON TABLE past_quarter_hot_water_pay_off TO ssbd03mow;
GRANT SELECT,INSERT,UPDATE ON TABLE place TO ssbd03mow;
GRANT SELECT,INSERT,UPDATE ON TABLE advance TO ssbd03mow;
GRANT SELECT,INSERT,UPDATE ON TABLE hot_water_advance TO ssbd03mow;
GRANT SELECT,INSERT,UPDATE ON TABLE heating_place_and_communal_area_advance TO ssbd03mow;

GRANT SELECT,UPDATE ON SEQUENCE access_level_mapping_id_seq TO ssbd03mok;
GRANT SELECT,UPDATE ON SEQUENCE account_id_seq TO ssbd03mok;
GRANT SELECT,UPDATE ON SEQUENCE reset_password_token_id_seq TO ssbd03mok;
GRANT SELECT,UPDATE ON SEQUENCE account_confirmation_token_id_seq TO ssbd03mok;
GRANT SELECT,UPDATE ON SEQUENCE email_confirmation_token_id_seq TO ssbd03mok;

GRANT SELECT,UPDATE ON SEQUENCE address_id_seq TO ssbd03mow;
GRANT SELECT,UPDATE ON SEQUENCE advance_id_seq TO ssbd03mow;
GRANT SELECT,UPDATE ON SEQUENCE annual_balance_id_seq TO ssbd03mow;
GRANT SELECT,UPDATE ON SEQUENCE building_id_seq TO ssbd03mow;
GRANT SELECT,UPDATE ON SEQUENCE heat_distribution_centre_id_seq TO ssbd03mow;
GRANT SELECT,UPDATE ON SEQUENCE heat_distribution_centre_pay_off_id_seq TO ssbd03mow;
GRANT SELECT,UPDATE ON SEQUENCE hot_water_entry_id_seq TO ssbd03mow;
GRANT SELECT,UPDATE ON SEQUENCE month_pay_off_id_seq TO ssbd03mow;
GRANT SELECT,UPDATE ON SEQUENCE place_id_seq TO ssbd03mow;

INSERT INTO address (id, street, building_number, city, postal_code, version, creation_date_time, last_modification_date_time) VALUES (0, 'Main Street', 12, 'New York', '12-345', 1, NOW(), NOW()), (-1, 'Abbey Road', 7, 'London', '34-123', 1, NOW(), NOW()), (-2, 'Champs-Élysées', 15, 'Paris', '12-345', 1, NOW(), NOW()),(-3, 'Przykladowa 1', 'Warszawa', '00-001', 'Polska', 1, NOW(), NOW());

INSERT INTO account (id, email, username, password, is_enable, is_active, register_date, language_, version, creation_date_time, last_modification_date_time)
VALUES (0, 'johndoe@example.com', 'johndoe', '$2a$10$JgIl/CXyYZtLFXMfYJ34Neh5JYlS/.Um5KWArokqP.rZHr085sAzq', TRUE, TRUE, '2023-03-13 21:01:30.7666', 'EN', 1, '2023-03-13 21:01:30.7666', '2023-03-13 21:01:30.7666'),(-1, 'janekowalski@example.com', 'janekowalski', '$2a$10$JgIl/CXyYZtLFXMfYJ34Neh5JYlS/.Um5KWArokqP.rZHr085sAzq', TRUE, TRUE, '2023-03-13 21:01:30.7666', 'PL', 1, '2023-03-13 21:01:30.7666', '2023-03-13 21:01:30.7666'),
       (-2, 'maria.silva@example.com', 'mariasilva', '$2a$10$JgIl/CXyYZtLFXMfYJ34Neh5JYlS/.Um5KWArokqP.rZHr085sAzq', TRUE, TRUE, '2023-03-13 21:01:30.7666', 'PL', 1, '2023-03-13 21:01:30.7666', '2023-03-13 21:01:30.7666'),
       (-3, 'owner@example.com', 'ownerTestowy', '$2a$10$JgIl/CXyYZtLFXMfYJ34Neh5JYlS/.Um5KWArokqP.rZHr085sAzq', TRUE, TRUE, '2023-03-13 21:01:30.7666', 'EN', 1, '2023-03-13 21:01:30.7666', '2023-03-13 21:01:30.7666'),
       (-4, 'emmajohnson@example.com', 'emmaJohnson', '$2a$10$JgIl/CXyYZtLFXMfYJ34Neh5JYlS/.Um5KWArokqP.rZHr085sAzq', TRUE, TRUE, '2023-03-13 21:01:30.7666', 'EN', 1, '2023-03-13 21:01:30.7666', '2023-03-13 21:01:30.7666'),
       (-5, 'SophiaBrown@example.com', 'SophiaBrown', '$2a$10$JgIl/CXyYZtLFXMfYJ34Neh5JYlS/.Um5KWArokqP.rZHr085sAzq', TRUE, TRUE, '2023-03-13 21:01:30.7666', 'EN', 1, '2023-03-13 21:01:30.7666', '2023-03-13 21:01:30.7666'),
       (-6, 'JacksonLee@example.com', 'JacksonLee', '$2a$10$JgIl/CXyYZtLFXMfYJ34Neh5JYlS/.Um5KWArokqP.rZHr085sAzq', TRUE, TRUE, '2023-03-13 21:01:30.7666', 'EN', 1, '2023-03-13 21:01:30.7666', '2023-03-13 21:01:30.7666'),
       (-7, 'KarolRadomski@example.com', 'KarolRadomski', '$2a$10$JgIl/CXyYZtLFXMfYJ34Neh5JYlS/.Um5KWArokqP.rZHr085sAzq', TRUE, TRUE, '2023-03-13 21:01:30.7666', 'EN', 1, '2023-03-13 21:01:30.7666', '2023-03-13 21:01:30.7666');

INSERT INTO personal_data (id, first_name, surname, version, creation_date_time, last_modification_date_time) VALUES (0, 'John', 'Doe', 1, '2023-03-13 21:01:30.7666', '2023-03-13 21:01:30.7666'), (-1, 'Jan', 'Kowalski', 1, '2023-03-13 21:01:30.7666', '2023-03-13 21:01:30.7666'), (-2, 'Maria', 'Silva', 1, '2023-03-13 21:01:30.7666', '2023-03-13 21:01:30.7666'), (-3, 'Owner', 'Smith', 1, '2023-03-13 21:01:30.7666', '2023-03-13 21:01:30.7666'), (-4, 'Emma', 'Johnson', 1, '2023-03-13 21:01:30.7666', '2023-03-13 21:01:30.7666'), (-5, 'Liam', 'Thompson', 1, '2023-03-13 21:01:30.7666', '2023-03-13 21:01:30.7666'), (-6, 'Olivia', 'Davis', 1, '2023-03-13 21:01:30.7666', '2023-03-13 21:01:30.7666'), (-7, 'Noah', 'Martinez', 1, '2023-03-13 21:01:30.7666', '2023-03-13 21:01:30.7666'), (-8, 'Ava', 'Anderson', 1, '2023-03-13 21:01:30.7666', '2023-03-13 21:01:30.7666'), (-9, 'Sophia', 'Brown', 1, '2023-03-13 21:01:30.7666', '2023-03-13 21:01:30.7666'), (-10, 'Jackson', 'Lee', 1, '2023-03-13 21:01:30.7666', '2023-03-13 21:01:30.7666'), (-11, 'Karol', 'Radomski', 1, '2023-03-13 21:01:30.7666', '2023-03-13 21:01:30.7666');

INSERT INTO login_data (id, last_valid_login_date, last_valid_logic_address, last_invalid_login_date, last_invalid_logic_address, invalid_login_counter, version, creation_date_time, last_modification_date_time)
VALUES (0, '2023-03-13 21:01:30.7666' - INTERVAL '1 day', '192.168.0.1', '2023-03-13 21:01:30.7666' - INTERVAL '3 days', '192.168.0.2', 2, 1, '2023-03-13 21:01:30.7666', '2023-03-13 21:01:30.7666'),
       (-1, '2023-03-13 21:01:30.7666' - INTERVAL '5 days', '10.0.0.1', '2023-03-13 21:01:30.7666' - INTERVAL '8 days', '10.0.0.2', 2, 1, '2023-03-13 21:01:30.7666', '2023-03-13 21:01:30.7666'),
       (-2, '2023-03-13 21:01:30.7666' - INTERVAL '2 days', '192.168.1.1', '2023-03-13 21:01:30.7666' - INTERVAL '12 days', '192.168.1.2', 0, 1, '2023-03-13 21:01:30.7666', '2023-03-13 21:01:30.7666'),
       (-3, '2023-03-13 21:01:30.7666' - INTERVAL '2 days', '192.168.2.1', '2023-03-13 21:01:30.7666' - INTERVAL '4 days', '192.168.2.2', 0, 1, '2023-03-13 21:01:30.7666', '2023-03-13 21:01:30.7666'),
       (-4, '2023-03-13 21:01:30.7666' - INTERVAL '1 day', '192.168.0.1', '2023-03-13 21:01:30.7666' - INTERVAL '3 days', '192.168.0.2', 2, 1, '2023-03-13 21:01:30.7666', '2023-03-13 21:01:30.7666'),
       (-5, '2023-03-13 21:01:30.7666' - INTERVAL '1 days', '192.168.22.12', '2023-03-13 21:01:30.7666' - INTERVAL '5 days', '192.168.12.8', 1, 1, '2023-03-13 21:01:30.7666', '2023-03-13 21:01:30.7666'),
       (-6, '2023-03-13 21:01:30.7666' - INTERVAL '2 days', '192.168.1.18', '2023-03-13 21:01:30.7666' - INTERVAL '3 days', '192.168.2.10', 0, 1, '2023-03-13 21:01:30.7666', '2023-03-13 21:01:30.7666');
       (-7, '2023-03-13 21:01:30.7666' - INTERVAL '2 days', '192.168.1.18', '2023-03-13 21:01:30.7666' - INTERVAL '3 days', '192.168.2.10', 0, 1, '2023-03-13 21:01:30.7666', '2023-03-13 21:01:30.7666');

INSERT INTO access_level_mapping (id, access_level, is_active, account_id, version, creation_date_time, last_modification_date_time) VALUES (0, 'ADMIN', true, 0, 1, '2023-03-13 21:01:30.7666', '2023-03-13 21:01:30.7666'), (-1, 'MANAGER', true, -1, 1, '2023-03-13 21:01:30.7666', '2023-03-13 21:01:30.7666'),
    (-2, 'OWNER', true, -2, 1, '2023-03-13 21:01:30.7666', '2023-03-13 21:01:30.7666'),
    (-3, 'OWNER', true, -3, 1, '2023-03-13 21:01:30.7666', '2023-03-13 21:01:30.7666'),
    (-4, 'OWNER', true, -4, 1, '2023-03-13 21:01:30.7666', '2023-03-13 21:01:30.7666'),
    (-5, 'MANAGER', true, -8, 1, '2023-03-13 21:01:30.7666', '2023-03-13 21:01:30.7666'),
    (-6, 'MANAGER', true, -10, 1, '2023-03-13 21:01:30.7666', '2023-03-13 21:01:30.7666'),
    (-7, 'ADMIN', true, -11, 1, '2023-03-13 21:01:30.7666', '2023-03-13 21:01:30.7666');

INSERT INTO admin (id) VALUES (0),(-7);

INSERT INTO manager (id, license)
VALUES
    (-5, '16309276031841959218'),
    (-6, '50396147920982670543');

INSERT INTO owner (id, phone_number)
VALUES
    (-2, '123456789'),
    (-3, '579314682'),
    (-4, '639247815');

INSERT INTO heat_distribution_centre (id, version, creation_date_time, last_modification_date_time) VALUES (0, 1, '2022-01-01 00:30:30.7666', '2021-01-01 00:30:30.7666');

INSERT INTO heat_distribution_centre_pay_off (id, date_, consumption, consumption_cost, heating_area_factor, heat_distribution_centre_id, manager_id, version, creation_date_time, last_modification_date_time)
VALUES
    (-1, '2022-01-01', 782.00, 50830.00, 0.94, 0, -1, 1, '2022-01-01 08:32:51.0000', NULL),
    (-2, '2022-02-01', 570.00, 37050.00, 0.91, 0, -1, 1, '2022-02-01 08:45:12.0000', NULL),
    (-3, '2022-03-01', 252.00, 16728.00, 0.8, 0, -8, 1, '2022-03-01 09:20:30.0000', NULL),
    (-4, '2022-04-01', 187.00, 12155.00, 0.75, 0, -1, 1, '2022-04-01 10:15:05.0000', NULL),
    (-5, '2022-05-01', 157.00, 8285.00, 0.7, 0, -8, 1, '2022-05-01 11:05:40.0000', NULL),
    (-6, '2022-06-01', 102.00, 6630.00, 0.5, 0, -10, 1, '2022-06-01 12:40:20.0000', NULL),
    (-7, '2022-07-01', 83.00, 5395.00, 0.4, 0, -8, 1, '2022-07-01 13:55:15.0000', NULL),
    (-8, '2022-08-01', 70.00, 4830.00, 0.27, 0, -10, 1, '2022-08-01 14:25:30.0000', NULL),
    (-9, '2022-09-01', 93.00, 6045.00, 0.38, 0, -1, 1, '2022-09-01 15:10:20.0000', NULL),
    (-10, '2022-10-01', 178.00, 12270.00, 0.7, 0, -8, 1, '2022-10-01 16:00:45.0000', NULL),
    (-11, '2022-11-01', 403.00, 27795.00, 0.87, 0, -10, 1, '2022-11-01 08:12:50.0000', NULL),
    (-12, '2022-12-01', 879.00, 60585.00, 0.94, 0, -8, 1, '2022-12-01 09:38:05.0000', NULL),
    (-13, '2023-01-01', 775.00, 50575.00, 0.93, 0, -1, 1, '2023-01-01 10:50:15.0000', NULL),
    (-14, '2023-02-01', 628.00, 43412.00, 0.92, 0, -10, 1, '2023-02-01 11:22:30.0000', NULL),
    (-15, '2023-03-01', 268.00, 17420.00, 0.8, 0, -1, 1, '2023-03-01 12:45:55.0000', NULL),
    (-16, '2023-04-01', 192.00, 12528.00, 0.75, 0, -10, 1, '2023-04-01 13:10:40.0000', NULL),
    (-17, '2023-05-01', 183.00, 11877.00, 0.74, 0, -1, 1, '2023-05-01 14:55:20.0000', NULL),
    (-18, '2023-06-01', 103.00, 7117.00, 0.52, 0, -1, 1, '2023-06-01 15:40:10.0000', NULL);

INSERT INTO building (id, total_area, communal_area_aggregate, address_id, heat_distribution_centre_id, version, creation_date_time, last_modification_date_time)
VALUES (0, 400.00, 120.00, 0, 0, 1, '2022-01-02 00:30:30.7666', '2022-01-02 00:30:30.7666'),
       (-1, 500.00, 200.00, 0, 0, 1, '2023-01-02 00:30:30.7666', '2022-01-02 00:30:30.7666');

INSERT INTO place (id, place_number, area, hot_water_connection, central_heating_connection, predicted_hot_water_consumption, building_id, owner_id, version, creation_date_time, last_modification_date_time)
VALUES (0, 1, 115.25, TRUE, TRUE, 3.43, 0, -2, 1, '2022-01-02 00:31:30.7666', '2022-01-02 00:31:30.7666'),
       (-1, 2, 164.75, TRUE, TRUE, 3.78, 0, -3, 1, '2022-01-02 00:31:30.7666', '2022-01-02 00:31:30.7666'),
       (-2, 1, 78.35, TRUE, TRUE, 3.12, -1, -4, 1, '2022-01-02 00:31:30.7666', '2022-01-02 00:31:30.7666'),
       (-3, 2, 121.32, TRUE, TRUE, 3.99, -1, -5, 1, '2022-01-02 00:31:30.7666', '2022-01-02 00:31:30.7666'),
       (-4, 3, 100.33, TRUE, TRUE, 4.76, -1, -6, 1, '2022-01-02 00:31:30.7666', '2022-01-02 00:31:30.7666');

INSERT INTO advance (id, date_, place_id, version, creation_date_time, last_modification_date_time)
VALUES
            (0,  '2022-01-01', 0,1,'2022-01-01 01:31:30.7666','2022-01-01 01:31:30.7666'),
            (-1, '2022-01-01',-4,1,'2022-01-01 01:31:30.7666','2022-01-01 01:31:30.7666'),
            (-2, '2022-01-01',-3,1,'2022-01-01 01:31:30.7666','2022-01-01 01:31:30.7666'),
            (-3, '2022-01-01',-2,1,'2022-01-01 01:31:30.7666','2022-01-01 01:31:30.7666'),
            (-4, '2022-01-01',-1,1,'2022-01-01 01:31:30.7666','2022-01-01 01:31:30.7666'),

            (-5, '2022-02-01', 0,1,'2022-02-01 01:31:30.7666','2022-02-01 01:31:30.7666'),
            (-6, '2022-02-01',-4,1,'2022-02-01 01:31:30.7666','2022-02-01 01:31:30.7666'),
            (-7, '2022-02-01',-3,1,'2022-02-01 01:31:30.7666','2022-02-01 01:31:30.7666'),
            (-8, '2022-02-01',-2,1,'2022-02-01 01:31:30.7666','2022-02-01 01:31:30.7666'),
            (-9, '2022-02-01',-1,1,'2022-02-01 01:31:30.7666','2022-02-01 01:31:30.7666'),

            (-10, '2022-03-01', 0,1,'2022-03-01 01:31:30.7666','2022-03-01 01:31:30.7666'),
            (-11, '2022-03-01',-4,1,'2022-03-01 01:31:30.7666','2022-03-01 01:31:30.7666'),
            (-12, '2022-03-01',-3,1,'2022-03-01 01:31:30.7666','2022-03-01 01:31:30.7666'),
            (-13, '2022-03-01',-2,1,'2022-03-01 01:31:30.7666','2022-03-01 01:31:30.7666'),
            (-14, '2022-03-01',-1,1,'2022-03-01 01:31:30.7666','2022-03-01 01:31:30.7666'),

            (-15, '2022-04-01', 0,1,'2022-04-01 01:31:30.7666','2022-04-01 01:31:30.7666'),
            (-16, '2022-04-01',-4,1,'2022-04-01 01:31:30.7666','2022-04-01 01:31:30.7666'),
            (-17, '2022-04-01',-3,1,'2022-04-01 01:31:30.7666','2022-04-01 01:31:30.7666'),
            (-18, '2022-04-01',-2,1,'2022-04-01 01:31:30.7666','2022-04-01 01:31:30.7666'),
            (-19, '2022-04-01',-1,1,'2022-04-01 01:31:30.7666','2022-04-01 01:31:30.7666'),

            (-20, '2022-05-01', 0,1,'2022-05-01 01:31:30.7666','2022-05-01 01:31:30.7666'),
            (-21, '2022-05-01',-4,1,'2022-05-01 01:31:30.7666','2022-05-01 01:31:30.7666'),
            (-22, '2022-05-01',-3,1,'2022-05-01 01:31:30.7666','2022-05-01 01:31:30.7666'),
            (-23, '2022-05-01',-2,1,'2022-05-01 01:31:30.7666','2022-05-01 01:31:30.7666'),
            (-24, '2022-05-01',-1,1,'2022-05-01 01:31:30.7666','2022-05-01 01:31:30.7666'),

            (-25, '2022-06-01', 0,1,'2022-06-01 01:31:30.7666','2022-06-01 01:31:30.7666'),
            (-26, '2022-06-01',-4,1,'2022-06-01 01:31:30.7666','2022-06-01 01:31:30.7666'),
            (-27, '2022-06-01',-3,1,'2022-06-01 01:31:30.7666','2022-06-01 01:31:30.7666'),
            (-28, '2022-06-01',-2,1,'2022-06-01 01:31:30.7666','2022-06-01 01:31:30.7666'),
            (-29, '2022-06-01',-1,1,'2022-06-01 01:31:30.7666','2022-06-01 01:31:30.7666'),

            (-30, '2022-07-01', 0,1,'2022-07-01 01:31:30.7666','2022-07-01 01:31:30.7666'),
            (-31, '2022-07-01',-4,1,'2022-07-01 01:31:30.7666','2022-07-01 01:31:30.7666'),
            (-32, '2022-07-01',-3,1,'2022-07-01 01:31:30.7666','2022-07-01 01:31:30.7666'),
            (-33, '2022-07-01',-2,1,'2022-07-01 01:31:30.7666','2022-07-01 01:31:30.7666'),
            (-34, '2022-07-01',-1,1,'2022-07-01 01:31:30.7666','2022-07-01 01:31:30.7666'),

            (-35, '2022-08-01', 0,1,'2022-08-01 01:31:30.7666','2022-08-01 01:31:30.7666'),
            (-36, '2022-08-01',-4,1,'2022-08-01 01:31:30.7666','2022-08-01 01:31:30.7666'),
            (-37, '2022-08-01',-3,1,'2022-08-01 01:31:30.7666','2022-08-01 01:31:30.7666'),
            (-38, '2022-08-01',-2,1,'2022-08-01 01:31:30.7666','2022-08-01 01:31:30.7666'),
            (-39, '2022-08-01',-1,1,'2022-08-01 01:31:30.7666','2022-08-01 01:31:30.7666'),

            (-40, '2022-09-01', 0,1,'2022-09-01 01:31:30.7666','2022-09-01 01:31:30.7666'),
            (-41, '2022-09-01',-4,1,'2022-09-01 01:31:30.7666','2022-09-01 01:31:30.7666'),
            (-42, '2022-09-01',-3,1,'2022-09-01 01:31:30.7666','2022-09-01 01:31:30.7666'),
            (-43, '2022-09-01',-2,1,'2022-09-01 01:31:30.7666','2022-09-01 01:31:30.7666'),
            (-44, '2022-09-01',-1,1,'2022-09-01 01:31:30.7666','2022-09-01 01:31:30.7666'),

            (-55, '2022-10-01', 0,1,'2022-10-01 01:31:30.7666','2022-10-01 01:31:30.7666'),
            (-46, '2022-10-01',-4,1,'2022-10-01 01:31:30.7666','2022-10-01 01:31:30.7666'),
            (-47, '2022-10-01',-3,1,'2022-10-01 01:31:30.7666','2022-10-01 01:31:30.7666'),
            (-48, '2022-10-01',-2,1,'2022-10-01 01:31:30.7666','2022-10-01 01:31:30.7666'),
            (-49, '2022-10-01',-1,1,'2022-10-01 01:31:30.7666','2022-10-01 01:31:30.7666'),

            (-50, '2022-11-01', 0,1,'2022-11-01 01:31:30.7666','2022-11-01 01:31:30.7666'),
            (-51, '2022-11-01',-4,1,'2022-11-01 01:31:30.7666','2022-11-01 01:31:30.7666'),
            (-52, '2022-11-01',-3,1,'2022-11-01 01:31:30.7666','2022-11-01 01:31:30.7666'),
            (-53, '2022-11-01',-2,1,'2022-11-01 01:31:30.7666','2022-11-01 01:31:30.7666'),
            (-54, '2022-11-01',-1,1,'2022-11-01 01:31:30.7666','2022-11-01 01:31:30.7666'),

            (-55, '2022-12-01', 0,1,'2022-12-01 01:31:30.7666','2022-12-01 01:31:30.7666'),
            (-56, '2022-12-01',-4,1,'2022-12-01 01:31:30.7666','2022-12-01 01:31:30.7666'),
            (-57, '2022-12-01',-3,1,'2022-12-01 01:31:30.7666','2022-12-01 01:31:30.7666'),
            (-58, '2022-12-01',-2,1,'2022-12-01 01:31:30.7666','2022-12-01 01:31:30.7666'),
            (-59, '2022-12-01',-1,1,'2022-12-01 01:31:30.7666','2022-12-01 01:31:30.7666'),

            (-60, '2023-01-01', 0,1,'2023-01-01 01:31:30.7666','2023-01-01 01:31:30.7666'),
            (-61, '2023-01-01',-4,1,'2023-01-01 01:31:30.7666','2023-01-01 01:31:30.7666'),
            (-62, '2023-01-01',-3,1,'2023-01-01 01:31:30.7666','2023-01-01 01:31:30.7666'),
            (-63, '2023-01-01',-2,1,'2023-01-01 01:31:30.7666','2023-01-01 01:31:30.7666'),
            (-64, '2023-01-01',-1,1,'2023-01-01 01:31:30.7666','2023-01-01 01:31:30.7666'),

            (-65, '2023-02-01', 0,1,'2023-02-01 01:31:30.7666','2023-02-01 01:31:30.7666'),
            (-66, '2023-02-01',-4,1,'2023-02-01 01:31:30.7666','2023-02-01 01:31:30.7666'),
            (-67, '2023-02-01',-3,1,'2023-02-01 01:31:30.7666','2023-02-01 01:31:30.7666'),
            (-68, '2023-02-01',-2,1,'2023-02-01 01:31:30.7666','2023-02-01 01:31:30.7666'),
            (-69, '2023-02-01',-1,1,'2023-02-01 01:31:30.7666','2023-02-01 01:31:30.7666'),

            (-70  '2023-03-01', 0,1,'2023-03-01 01:31:30.7666','2023-03-01 01:31:30.7666'),
            (-71, '2023-03-01',-4,1,'2023-03-01 01:31:30.7666','2023-03-01 01:31:30.7666'),
            (-72, '2023-03-01',-3,1,'2023-03-01 01:31:30.7666','2023-03-01 01:31:30.7666'),
            (-73, '2023-03-01',-2,1,'2023-03-01 01:31:30.7666','2023-03-01 01:31:30.7666'),
            (-74, '2023-03-01',-1,1,'2023-03-01 01:31:30.7666','2023-03-01 01:31:30.7666'),

            (-75, '2023-04-01', 0,1,'2023-04-01 01:31:30.7666','2023-04-01 01:31:30.7666'),
            (-76, '2023-04-01',-4,1,'2023-04-01 01:31:30.7666','2023-04-01 01:31:30.7666'),
            (-77, '2023-04-01',-3,1,'2023-04-01 01:31:30.7666','2023-04-01 01:31:30.7666'),
            (-78, '2023-04-01',-2,1,'2023-04-01 01:31:30.7666','2023-04-01 01:31:30.7666'),
            (-79, '2023-04-01',-1,1,'2023-04-01 01:31:30.7666','2023-04-01 01:31:30.7666'),

            (-80, '2023-05-01', 0,1,'2023-05-01 01:31:30.7666','2023-05-01 01:31:30.7666'),
            (-81, '2023-05-01',-4,1,'2023-05-01 01:31:30.7666','2023-05-01 01:31:30.7666'),
            (-82, '2023-05-01',-3,1,'2023-05-01 01:31:30.7666','2023-05-01 01:31:30.7666'),
            (-83, '2023-05-01',-2,1,'2023-05-01 01:31:30.7666','2023-05-01 01:31:30.7666'),
            (-84, '2023-05-01',-1,1,'2023-05-01 01:31:30.7666','2023-05-01 01:31:30.7666');

INSERT INTO hot_water_advance (id, hot_water_advance_value)
VALUES ( 0,),
       (-1,),
       (-2,),
       (-3,),
       (-4,),

       (-5,),
       (-6,),
       (-7,),
       (-8,),
       (-9,),

       (-10,),
       (-11,),
       (-12,),
       (-13,),
       (-14,),

       (-15,),
       (-16,),
       (-17,),
       (-18,),
       (-19,),

       (-20,),
       (-21,),
       (-22,),
       (-23,),
       (-24,),

       (-25,),
       (-26,),
       (-27,),
       (-28,),
       (-29,),

       (-30,),
       (-31,),
       (-32,),
       (-33,),
       (-34,),

       (-35,),
       (-36,),
       (-37,),
       (-38,),
       (-39,),

       (-40,),
       (-41,),
       (-42,),
       (-43,),
       (-44,),

       (-55,),
       (-46,),
       (-47,),
       (-48,),
       (-49,),

       (-50,),
       (-51,),
       (-52,),
       (-53,),
       (-54,),

       (-55,),
       (-56,),
       (-57,),
       (-58,),
       (-59,),

       (-60,),
       (-61,),
       (-62,),
       (-63,),
       (-64,),

       (-65,),
       (-66,),
       (-67,),
       (-68,),
       (-69,),

       (-70,),
       (-71,),
       (-72,),
       (-73,),
       (-74,),

       (-75,),
       (-76,),
       (-77,),
       (-78,),
       (-79,),

       (-80,),
       (-81,),
       (-82,),
       (-83,),
       (-84,);

INSERT INTO hot_water_entry (id, date_, entry_value, place_id, manager_id, version, creation_date_time, last_modification_date_time)
VALUES (0, '2022-01-01', 126.00,   0, NULL, 1, '2022-01-01', NULL),
       (-1, '2022-01-01', 118.00, -4, NULL, 1, '2022-01-01' , NULL),
       (-2, '2022-01-01', 111.00, -3, NULL, 1, '2022-01-01', NULL),
       (-3, '2022-01-01', 150.00, -2, NULL, 1, '2022-01-01', NULL),
       (-4, '2022-01-01', 110.00, -1, NULL, 1, '2022-01-01', NULL),

       (-5, '2022-02-01', 129.00, 0, NULL, 1, '2022-02-01', NULL),
       (-6, '2022-02-01', 121.00, -4, NULL, 1, '2022-02-01', NULL),
       (-7, '2022-02-01', 114.00, -3, NULL, 1, '2022-02-01', NULL),
       (-8, '2022-02-01', 153.00, -2, NULL, 1, '2022-02-01', NULL),
       (-9, '2022-02-01', 113.00, -1, NULL, 1, '2022-02-01', NULL),

       (-10, '2022-03-01', 132.00, 0, NULL, 1, '2022-03-01', NULL),
       (-11, '2022-03-01', 121.00, -4, NULL, 1, '2022-03-01', NULL),
       (-12, '2022-03-01', 117.00, -3, NULL, 1, '2022-03-01', NULL),
       (-13, '2022-03-01', 156.00, -2, NULL, 1, '2022-03-01', NULL),
       (-14, '2022-03-01', 116.00, -1, NULL, 1, '2022-03-01', NULL),

       (-15, '2022-04-01', 135.00, 0, NULL, 1, '2022-04-01', NULL),
       (-16, '2022-04-01', 124.00, -4, NULL, 1, '2022-04-01', NULL),
       (-17, '2022-04-01', 117.00, -3, NULL, 1, '2022-04-01', NULL),
       (-18, '2022-04-01', 156.00, -2, NULL, 1, '2022-04-01', NULL),
       (-19, '2022-04-01', 119.00, -1, NULL, 1, '2022-04-01', NULL),

       (-20, '2022-05-01', 138.00, 0, NULL, 1, '2022-05-01', NULL),
       (-21, '2022-05-01', 127.00, -4, NULL, 1, '2022-05-01', NULL),
       (-22, '2022-05-01', 120.00, -3, NULL, 1, '2022-05-01', NULL),
       (-23, '2022-05-01', 159.00, -2, NULL, 1, '2022-05-01', NULL),
       (-24, '2022-05-01', 122.00, -1, NULL, 1, '2022-05-01', NULL),

       (-25, '2022-06-01', 141.00, 0, NULL, 1, '2022-06-01', NULL),
       (-26, '2022-06-01', 130.00, -4, NULL, 1, '2022-06-01', NULL),
       (-27, '2022-06-01', 123.00, -3, NULL, 1, '2022-06-01', NULL),
       (-28, '2022-06-01', 162.00, -2, NULL, 1, '2022-06-01', NULL),
       (-29, '2022-06-01', 125.00, -1, NULL, 1, '2022-06-01', NULL),

       (-30, '2022-07-01', 144.100, 0, NULL, 1, '2022-07-01', NULL),
       (-31, '2022-07-01', 133.100, -4, NULL, 1, '2022-07-01', NULL),
       (-32, '2022-07-01', 126.100, -3, NULL, 1, '2022-07-01', NULL),
       (-33, '2022-07-01', 165.100, -2, NULL, 1, '2022-07-01', NULL),
       (-34, '2022-07-01', 128.100, -1, NULL, 1, '2022-07-01', NULL),

       (-35, '2022-08-01', 147.100, 0, NULL, 1, '2022-08-01', NULL),
       (-36, '2022-08-01', 136.100, -4, NULL, 1, '2022-08-01', NULL),
       (-37, '2022-08-01', 129.100, -3, NULL, 1, '2022-08-01', NULL),
       (-38, '2022-08-01', 165.100, -2, NULL, 1, '2022-08-01', NULL),
       (-39, '2022-08-01', 131.100, -1, NULL, 1, '2022-08-01', NULL),

       (-40, '2022-09-01', 150.100, 0, NULL, 1, '2022-09-01', NULL),
       (-41, '2022-09-01', 139.100, -4, NULL, 1, '2022-09-01', NULL),
       (-42, '2022-09-01', 142.100, -3, NULL, 1, '2022-09-01', NULL),
       (-43, '2022-09-01', 168.100, -2, NULL, 1, '2022-09-01', NULL),
       (-44, '2022-09-01', 134.100, -1, NULL, 1, '2022-09-01', NULL),

       (-55, '2022-10-01', 153.100, 0, NULL, 1, '2022-10-01', NULL),
       (-46, '2022-10-01', 142.100, -4, NULL, 1, '2022-10-01', NULL),
       (-47, '2022-10-01', 145.100, -3, NULL, 1, '2022-10-01', NULL),
       (-48, '2022-10-01', 171.100, -2, NULL, 1, '2022-10-01', NULL),
       (-49, '2022-10-01', 137.100, -1, NULL, 1, '2022-10-01', NULL),

       (-50, '2022-11-01', 156.100, 0, NULL, 1, '2022-11-01', NULL),
       (-51, '2022-11-01', 145.100, -4, NULL, 1, '2022-11-01', NULL),
       (-52, '2022-11-01', 148.100, -3, NULL, 1, '2022-11-01', NULL),
       (-53, '2022-11-01', 174.100, -2, NULL, 1, '2022-11-01', NULL),
       (-54, '2022-11-01', 140.100, -1, NULL, 1, '2022-11-01', NULL),

       (-55, '2022-12-01', 159.100, 0, NULL, 1, '2022-12-01', NULL),
       (-56, '2022-12-01', 148.100, -4, NULL, 1, '2022-12-01', NULL),
       (-57, '2022-12-01', 151.100, -3, NULL, 1, '2022-12-01', NULL),
       (-58, '2022-12-01', 157.100, -2, NULL, 1, '2022-12-01', NULL),
       (-59, '2022-12-01', 143.100, -1, NULL, 1, '2022-12-01', NULL),

       (-60, '2023-01-01', 162.100, 0, NULL, 1, '2023-01-01', NULL),
       (-61, '2023-01-01', 151.100, -4, NULL, 1, '2023-01-01', NULL),
       (-62, '2023-01-01', 154.100, -3, NULL, 1, '2023-01-01', NULL),
       (-63, '2023-01-01', 160.100, -2, NULL, 1, '2023-01-01', NULL),
       (-64, '2023-01-01', 146.100, -1, NULL, 1, '2023-01-01', NULL),

       (-65, '2023-02-01', 165.100, 0, NULL, 1, '2023-02-01', NULL),
       (-66, '2023-02-01', 154.100, -4, NULL, 1, '2023-02-01', NULL),
       (-67, '2023-02-01', 157.100, -3, NULL, 1, '2023-02-01', NULL),
       (-68, '2023-02-01', 160.100, -2, NULL, 1, '2023-02-01', NULL),
       (-69, '2023-02-01', 149.100, -1, NULL, 1, '2023-02-01', NULL),

       (-70 '2023-03-01', 168.010, 0, NULL, 1, '2023-03-01', NULL),
       (-71, '2023-03-01', 157.100, -4, NULL, 1, '2023-03-01', NULL),
       (-72, '2023-03-01', 160.100, -3, NULL, 1, '2023-03-01', NULL),
       (-73, '2023-03-01', 163.100, -2, NULL, 1, '2023-03-01', NULL),
       (-74, '2023-03-01', 152.100, -1, NULL, 1, '2023-03-01', NULL),

       (-75, '2023-04-01', 171.100, 0, NULL, 1, '2023-04-01', NULL),
       (-76, '2023-04-01', 160.100, -4, NULL, 1, '2023-04-01', NULL),
       (-77, '2023-04-01', 163.100, -3, NULL, 1, '2023-04-01', NULL),
       (-78, '2023-04-01', 166.100, -2, NULL, 1, '2023-04-01', NULL),
       (-79, '2023-04-01', 155.100, -1, NULL, 1, '2023-04-01', NULL),

       (-80, '2023-05-01', 174.100, 0, NULL, 1, '2023-05-01', NULL),
       (-81, '2023-05-01', 164.100, -4, NULL, 1, '2023-05-01', NULL),
       (-82, '2023-05-01', 166.100, -3, NULL, 1, '2023-05-01', NULL),
       (-83, '2023-05-01', 169.100, -2, NULL, 1, '2023-05-01', NULL),
       (-84, '2023-05-01', 158.100, -1, NULL, 1, '2023-05-01', NULL);

INSERT INTO annual_balance (id, 1year_, total_hot_water_advance, total_heating_place_advance, total_heating_communal_area_advance, total_hot_water_cost, total_heating_place_cost, total_heating_communal_area_cost, place_id, version, creation_date_time, last_modification_date_time)
VALUES (0,  2022, , , , , , ,  0, 1, '2022-01-01 01:31:30.7666', '2023-01-02 00:00:30.7666'),
       (-1, 2022, , , , , , , -4, 1, '2022-01-01 01:31:30.7666', '2023-01-02 00:00:30.7666'),
       (-2, 2022, , , , , , , -3, 1, '2022-01-01 01:31:30.7666', '2023-01-02 00:00:30.7666'),
       (-3, 2022, , , , , , , -2, 1, '2022-01-01 01:31:30.7666', '2023-01-02 00:00:30.7666'),
       (-4, 2022, , , , , , , -1, 1, '2022-01-01 01:31:30.7666', '2023-01-02 00:00:30.7666'),
       (-5, 2023, , , , , , ,  0, 1, '2023-01-01 01:31:30.7666', '2023-06-02 00:00:30.7666'),
       (-6, 2023, , , , , , , -4, 1, '2023-01-01 01:31:30.7666', '2023-06-02 00:00:30.7666'),
       (-7, 2023, , , , , , , -3, 1, '2023-01-01 01:31:30.7666', '2023-06-02 00:00:30.7666'),
       (-8, 2023, , , , , , , -2, 1, '2023-01-01 01:31:30.7666', '2023-06-02 00:00:30.7666'),
       (-9, 2023, , , , , , , -1, 1, '2023-01-01 01:31:30.7666', '2023-06-02 00:00:30.7666');


INSERT INTO month_pay_off (id, 1payoff_date, water_heating_unit_cost, central_heating_unit_cost, hot_water_consumption, owner_id, place_id, version, creation_date_time, last_modification_date_time)
VALUES (0,  '2022-01-01',,,,-2, 0,1,'2022-01-01 01:31:30.7666','2022-01-01 01:31:30.7666'),
       (-1, '2022-01-01',,,,-6,-4,1,'2022-01-01 01:31:30.7666','2022-01-01 01:31:30.7666'),
       (-2, '2022-01-01',,,,-5,-3,1,'2022-01-01 01:31:30.7666','2022-01-01 01:31:30.7666'),
       (-3, '2022-01-01',,,,-4,-2,1,'2022-01-01 01:31:30.7666','2022-01-01 01:31:30.7666'),
       (-4, '2022-01-01',,,,-3,-1,1,'2022-01-01 01:31:30.7666','2022-01-01 01:31:30.7666'),

       (-5, '2022-02-01',,,,-2, 0,1,'2022-02-01 01:31:30.7666','2022-02-01 01:31:30.7666'),
       (-6, '2022-02-01',,,,-6,-4,1,'2022-02-01 01:31:30.7666','2022-02-01 01:31:30.7666'),
       (-7, '2022-02-01',,,,-5,-3,1,'2022-02-01 01:31:30.7666','2022-02-01 01:31:30.7666'),
       (-8, '2022-02-01',,,,-4,-2,1,'2022-02-01 01:31:30.7666','2022-02-01 01:31:30.7666'),
       (-9, '2022-02-01',,,,-3,-1,1,'2022-02-01 01:31:30.7666','2022-02-01 01:31:30.7666'),

       (-10, '2022-03-01',,,,-2, 0,1,'2022-03-01 01:31:30.7666','2022-03-01 01:31:30.7666'),
       (-11, '2022-03-01',,,,-6,-4,1,'2022-03-01 01:31:30.7666','2022-03-01 01:31:30.7666'),
       (-12, '2022-03-01',,,,-5,-3,1,'2022-03-01 01:31:30.7666','2022-03-01 01:31:30.7666'),
       (-13, '2022-03-01',,,,-4,-2,1,'2022-03-01 01:31:30.7666','2022-03-01 01:31:30.7666'),
       (-14, '2022-03-01',,,,-3,-1,1,'2022-03-01 01:31:30.7666','2022-03-01 01:31:30.7666'),

       (-15, '2022-04-01',,,,-2, 0,1,'2022-04-01 01:31:30.7666','2022-04-01 01:31:30.7666'),
       (-16, '2022-04-01',,,,-6,-4,1,'2022-04-01 01:31:30.7666','2022-04-01 01:31:30.7666'),
       (-17, '2022-04-01',,,,-5,-3,1,'2022-04-01 01:31:30.7666','2022-04-01 01:31:30.7666'),
       (-18, '2022-04-01',,,,-4,-2,1,'2022-04-01 01:31:30.7666','2022-04-01 01:31:30.7666'),
       (-19, '2022-04-01',,,,-3,-1,1,'2022-04-01 01:31:30.7666','2022-04-01 01:31:30.7666'),

       (-20, '2022-05-01',,,,-2, 0,1,'2022-05-01 01:31:30.7666','2022-05-01 01:31:30.7666'),
       (-21, '2022-05-01',,,,-6,-4,1,'2022-05-01 01:31:30.7666','2022-05-01 01:31:30.7666'),
       (-22, '2022-05-01',,,,-5,-3,1,'2022-05-01 01:31:30.7666','2022-05-01 01:31:30.7666'),
       (-23, '2022-05-01',,,,-4,-2,1,'2022-05-01 01:31:30.7666','2022-05-01 01:31:30.7666'),
       (-24, '2022-05-01',,,,-3,-1,1,'2022-05-01 01:31:30.7666','2022-05-01 01:31:30.7666'),

       (-25, '2022-06-01',,,,-2, 0,1,'2022-06-01 01:31:30.7666','2022-06-01 01:31:30.7666'),
       (-26, '2022-06-01',,,,-6,-4,1,'2022-06-01 01:31:30.7666','2022-06-01 01:31:30.7666'),
       (-27, '2022-06-01',,,,-5,-3,1,'2022-06-01 01:31:30.7666','2022-06-01 01:31:30.7666'),
       (-28, '2022-06-01',,,,-4,-2,1,'2022-06-01 01:31:30.7666','2022-06-01 01:31:30.7666'),
       (-29, '2022-06-01',,,,-3,-1,1,'2022-06-01 01:31:30.7666','2022-06-01 01:31:30.7666'),

       (-30, '2022-07-01',,,,-2, 0,1,'2022-07-01 01:31:30.7666','2022-07-01 01:31:30.7666'),
       (-31, '2022-07-01',,,,-6,-4,1,'2022-07-01 01:31:30.7666','2022-07-01 01:31:30.7666'),
       (-32, '2022-07-01',,,,-5,-3,1,'2022-07-01 01:31:30.7666','2022-07-01 01:31:30.7666'),
       (-33, '2022-07-01',,,,-4,-2,1,'2022-07-01 01:31:30.7666','2022-07-01 01:31:30.7666'),
       (-34, '2022-07-01',,,,-3,-1,1,'2022-07-01 01:31:30.7666','2022-07-01 01:31:30.7666'),

       (-35, '2022-08-01',,,,-2, 0,1,'2022-08-01 01:31:30.7666','2022-08-01 01:31:30.7666'),
       (-36, '2022-08-01',,,,-6,-4,1,'2022-08-01 01:31:30.7666','2022-08-01 01:31:30.7666'),
       (-37, '2022-08-01',,,,-5,-3,1,'2022-08-01 01:31:30.7666','2022-08-01 01:31:30.7666'),
       (-38, '2022-08-01',,,,-4,-2,1,'2022-08-01 01:31:30.7666','2022-08-01 01:31:30.7666'),
       (-39, '2022-08-01',,,,-3,-1,1,'2022-08-01 01:31:30.7666','2022-08-01 01:31:30.7666'),

       (-40, '2022-09-01',,,,-2, 0,1,'2022-09-01 01:31:30.7666','2022-09-01 01:31:30.7666'),
       (-41, '2022-09-01',,,,-6,-4,1,'2022-09-01 01:31:30.7666','2022-09-01 01:31:30.7666'),
       (-42, '2022-09-01',,,,-5,-3,1,'2022-09-01 01:31:30.7666','2022-09-01 01:31:30.7666'),
       (-43, '2022-09-01',,,,-4,-2,1,'2022-09-01 01:31:30.7666','2022-09-01 01:31:30.7666'),
       (-44, '2022-09-01',,,,-3,-1,1,'2022-09-01 01:31:30.7666','2022-09-01 01:31:30.7666'),

       (-55, '2022-10-01',,,,-2, 0,1,'2022-10-01 01:31:30.7666','2022-10-01 01:31:30.7666'),
       (-46, '2022-10-01',,,,-6,-4,1,'2022-10-01 01:31:30.7666','2022-10-01 01:31:30.7666'),
       (-47, '2022-10-01',,,,-5,-3,1,'2022-10-01 01:31:30.7666','2022-10-01 01:31:30.7666'),
       (-48, '2022-10-01',,,,-4,-2,1,'2022-10-01 01:31:30.7666','2022-10-01 01:31:30.7666'),
       (-49, '2022-10-01',,,,-3,-1,1,'2022-10-01 01:31:30.7666','2022-10-01 01:31:30.7666'),

       (-50, '2022-11-01',,,,-2, 0,1,'2022-11-01 01:31:30.7666','2022-11-01 01:31:30.7666'),
       (-51, '2022-11-01',,,,-6,-4,1,'2022-11-01 01:31:30.7666','2022-11-01 01:31:30.7666'),
       (-52, '2022-11-01',,,,-5,-3,1,'2022-11-01 01:31:30.7666','2022-11-01 01:31:30.7666'),
       (-53, '2022-11-01',,,,-4,-2,1,'2022-11-01 01:31:30.7666','2022-11-01 01:31:30.7666'),
       (-54, '2022-11-01',,,,-3,-1,1,'2022-11-01 01:31:30.7666','2022-11-01 01:31:30.7666'),

       (-55, '2022-12-01',,,,-2, 0,1,'2022-12-01 01:31:30.7666','2022-12-01 01:31:30.7666'),
       (-56, '2022-12-01',,,,-6,-4,1,'2022-12-01 01:31:30.7666','2022-12-01 01:31:30.7666'),
       (-57, '2022-12-01',,,,-5,-3,1,'2022-12-01 01:31:30.7666','2022-12-01 01:31:30.7666'),
       (-58, '2022-12-01',,,,-4,-2,1,'2022-12-01 01:31:30.7666','2022-12-01 01:31:30.7666'),
       (-59, '2022-12-01',,,,-3,-1,1,'2022-12-01 01:31:30.7666','2022-12-01 01:31:30.7666'),

       (-60, '2023-01-01',,,,-2, 0,1,'2023-01-01 01:31:30.7666','2023-01-01 01:31:30.7666'),
       (-61, '2023-01-01',,,,-6,-4,1,'2023-01-01 01:31:30.7666','2023-01-01 01:31:30.7666'),
       (-62, '2023-01-01',,,,-5,-3,1,'2023-01-01 01:31:30.7666','2023-01-01 01:31:30.7666'),
       (-63, '2023-01-01',,,,-4,-2,1,'2023-01-01 01:31:30.7666','2023-01-01 01:31:30.7666'),
       (-64, '2023-01-01',,,,-3,-1,1,'2023-01-01 01:31:30.7666','2023-01-01 01:31:30.7666'),

       (-65, '2023-02-01',,,,-2, 0,1,'2023-02-01 01:31:30.7666','2023-02-01 01:31:30.7666'),
       (-66, '2023-02-01',,,,-6,-4,1,'2023-02-01 01:31:30.7666','2023-02-01 01:31:30.7666'),
       (-67, '2023-02-01',,,,-5,-3,1,'2023-02-01 01:31:30.7666','2023-02-01 01:31:30.7666'),
       (-68, '2023-02-01',,,,-4,-2,1,'2023-02-01 01:31:30.7666','2023-02-01 01:31:30.7666'),
       (-69, '2023-02-01',,,,-3,-1,1,'2023-02-01 01:31:30.7666','2023-02-01 01:31:30.7666'),

       (-70 '2023-03-01', ,,,-2, 0,1,'2023-03-01 01:31:30.7666','2023-03-01 01:31:30.7666'),
       (-71, '2023-03-01',,,,-6,-4,1,'2023-03-01 01:31:30.7666','2023-03-01 01:31:30.7666'),
       (-72, '2023-03-01',,,,-5,-3,1,'2023-03-01 01:31:30.7666','2023-03-01 01:31:30.7666'),
       (-73, '2023-03-01',,,,-4,-2,1,'2023-03-01 01:31:30.7666','2023-03-01 01:31:30.7666'),
       (-74, '2023-03-01',,,,-3,-1,1,'2023-03-01 01:31:30.7666','2023-03-01 01:31:30.7666'),

       (-75, '2023-04-01',,,,-2, 0,1,'2023-04-01 01:31:30.7666','2023-04-01 01:31:30.7666'),
       (-76, '2023-04-01',,,,-6,-4,1,'2023-04-01 01:31:30.7666','2023-04-01 01:31:30.7666'),
       (-77, '2023-04-01',,,,-5,-3,1,'2023-04-01 01:31:30.7666','2023-04-01 01:31:30.7666'),
       (-78, '2023-04-01',,,,-4,-2,1,'2023-04-01 01:31:30.7666','2023-04-01 01:31:30.7666'),
       (-79, '2023-04-01',,,,-3,-1,1,'2023-04-01 01:31:30.7666','2023-04-01 01:31:30.7666'),

       (-80, '2023-05-01',,,,-2, 0,1,'2023-05-01 01:31:30.7666','2023-05-01 01:31:30.7666'),
       (-81, '2023-05-01',,,,-6,-4,1,'2023-05-01 01:31:30.7666','2023-05-01 01:31:30.7666'),
       (-82, '2023-05-01',,,,-5,-3,1,'2023-05-01 01:31:30.7666','2023-05-01 01:31:30.7666'),
       (-83, '2023-05-01',,,,-4,-2,1,'2023-05-01 01:31:30.7666','2023-05-01 01:31:30.7666'),
       (-84, '2023-05-01',,,,-3,-1,1,'2023-05-01 01:31:30.7666','2023-05-01 01:31:30.7666');

INSERT INTO heating_place_and_communal_area_advance (id, heating_place_advance_value, heating_communal_area_advance_value, advance_change_factor)
VALUES  ( 0, , , ),
        (-1, , , ),
        (-2, , , ),
        (-3, , , ),
        (-4, , , ),

        (-5, , , ),
        (-6, , , ),
        (-7, , , ),
        (-8, , , ),
        (-9, , , ),

        (-10, , , ),
        (-11, , , ),
        (-12, , , ),
        (-13, , , ),
        (-14, , , ),

        (-15, , , ),
        (-16, , , ),
        (-17, , , ),
        (-18, , , ),
        (-19, , , ),

        (-20, , , ),
        (-21, , , ),
        (-22, , , ),
        (-23, , , ),
        (-24, , , ),

        (-25, , , ),
        (-26, , , ),
        (-27, , , ),
        (-28, , , ),
        (-29, , , ),

        (-30, , , ),
        (-31, , , ),
        (-32, , , ),
        (-33, , , ),
        (-34, , , ),

        (-35, , , ),
        (-36, , , ),
        (-37, , , ),
        (-38, , , ),
        (-39, , , ),

        (-40, , , ),
        (-41, , , ),
        (-42, , , ).
        (-43, , , ),
        (-44, , , ),

        (-45, , , ),
        (-46, , , ),
        (-47, , , ),
        (-48, , , ),
        (-49, , , ),

        (-50, , , ),
        (-51, , , ),
        (-52, , , ),
        (-53, , , ),
        (-54, , , ),

        (-55, , , ),
        (-56, , , ),
        (-57, , , ),
        (-58, , , ),
        (-59, , , ),

        (-60, , , ),
        (-61, , , ),
        (-62, , , ).
        (-63, , , ),
        (-64, , , ),

        (-65, , , ),
        (-66, , , ),
        (-67, , , ),
        (-68, , , ),
        (-69, , , ),

        (-70, , , ),
        (-71, , , ),
        (-72, , , ),
        (-73, , , ),
        (-74, , , ),

        (-75, , , ),
        (-76, , , ),
        (-77, , , ).
        (-78, , , ),
        (-79, , , ),

        (-80, , , ),
        (-81, , , ),
        (-82, , , ),
        (-83, , , ),
        (-84, , , ),